<?xml version="1.0" encoding="UTF-8"?>
<beans xmlns="http://www.springframework.org/schema/beans"
       xmlns:xsi="http://www.w3.org/2001/XMLSchema-instance"
       xmlns:context="http://www.springframework.org/schema/context"
       xsi:schemaLocation="http://www.springframework.org/schema/beans http://www.springframework.org/schema/beans/spring-beans.xsd
                            http://www.springframework.org/schema/context http://www.springframework.org/schema/context/spring-context.xsd">
<!--    <bean id="dataSource" class="com.mchange.v2.c3p0.ComboPooledDataSource">-->
<!--        <property name="driverClass" value="com.mysql.cj.jdbc.Driver"/>-->
<!--        <property name="jdbcUrl" value="jdbc:mysql://localhost/jdbctemplate?useSSL=false&amp;serverTimezone=UTC"/>-->
<!--        <property name="user" value="root"/>-->
<!--        <property name="password" value="456258"/>-->
<!--     </bean>-->
    <context:property-placeholder location="jdbc.properties"/>
    <bean id="dataSource" class="com.mchange.v2.c3p0.ComboPooledDataSource">
        <property name="driverClass" value="${jdbc.driver}"/>
        <property name="jdbcUrl" value="${jdbc.url}"/>
        <property name="user" value="${jdbc.user}"/>
        <property name="password" value="${jdbc.password}"/>
    </bean>
    <bean id="jdbcTemplate" class="org.springframework.jdbc.core.JdbcTemplate">
        <property name="dataSource" ref="dataSource"/>
    </bean>
</beans>