s101,XV1801A
s104,XV1805A
s109,XV1903A
s110,XV1901A
s602,XV6101A&PV6102A&XV6103A
s603,XV6201A&PV6202A&XV6203A
s607,XV6101C&PV6104C&XV6105C
s608,XV6201C&PV6204C&XV6205C
s621,XV6101B&FV6102L&XV6103L
s622,XV6201B&FV6202L&XV6203L
s623,XV6301B&FV6302L&XV6303L
s624,XV6401B&FV6402L&XV6403L
s627,XV6101L&FV6102L&XV6103L
s628,XV6201L&FV6202L&XV6203L
s629,XV6301L&FV6302L&XV6303L
s630,XV6401L&FV6402L&XV6403L
s501,XV5001
s502,XV5002
s503,XV5102A
s504,XV5202A
s505,XV5302A
s506,XV5402A
s507,XV5502A
s508,XV5602A
s509,XV5702A
s510,XV5802A
s511,XV5006
s515,XV5012
s516,XV5101C&XV5102C
s517,XV5201C&XV5202C
s518,XV5101D&XV5102D
s519,XV5201D&XV5202D
s520,XV5101E&XV5102E
s521,XV5201E&XV5202E
s522,XV5301E&XV5302E
s525,XV5008
s526,XV5010
s530,XV5014&XV5013
s527,XV5014&XV5015
s600,XV5013&XV5015
s001,XV5011K&XV5012K
s002,XV5021K&XV5022K
s003,XV5031K&XV5032K
s004,XV5041K&XV5042K
s005,XV5051K&XV5052K
s006,XV5061K&XV5062K
s007,XV5071K&XV5072K
s008,XV5081K&XV5082K
s009,XV5091K&XV5092K
s010,XV5101K&XV5102K
s011,XV5111K&XV5112K
s012,XV5121K&XV5122K
s531,XV5018
,
A,s101
B,s104
C,s109
D,s110
E,s602&s603
F,s607&s608
G,s621&s622&s623&s624
H,s627&s628&s629&s630
I,s501
J,s502
K,s503&s504&s505&s506&s507&s508&s509&s510
L,s511
M,s515
N,s516&s517&s518&s519&s520&s521&s522
O,s525&s526&s530
P1,s527
P2,s600
Q,s001&s002&s003&s004&s005&s006&s007&s008&s009&s010&s011&s012
R,s531
,
b1,A&B
b2,C&D
b3,A&E&B&F
b4,J&G
b5,K&L
b6,N&O&Q&R
b7,M&Q&R
b8,N&P1
b9,M&P2
c0,b6||b7||b8||b9
c1,b5&c5&I&H
c2,b2&b3&b4
c3,b2&b3&c1
c4,c2||c3
,
m101,c4&A&E
m104,c4&B&F
m109,c4&C
m110,c4&D
m602,c4&A&602
m603,c4&A&603
m607,c4&B&607
m608,c4&B&608
m621,c2&621
m622,c2&622
m623,c2&623
m624,c2&624
m627,c3&627
m628,c3&628
m629,c3&629
m630,c3&630
m501,c3
m502,c2
m503,c3&503
m504,c3&504
m505,c3&505
m506,c3&506
m507,c3&507
m508,c3&508
m509,c3&509
m510,c3&510
m511,c3&511
m515,c3&515
m516,c3&516
m517,c3&517
m518,c3&518
m519,c3&519
m520,c3&520
m521,c3&521
m522,c3&522
m525,c3&525
m526,c3&526
m530,c3&530
m527,c3&527
m001,c3&001
m002,c3&002
m003,c3&003
m004,c3&004
m005,c3&005
m006,c3&006
m007,c3&007
m008,c3&008
m009,c3&009
m010,c3&010
m011,c3&011
m012,c3&012
m531,c3&531
